<?xml version="1.0" encoding="UTF-8" ?>
<!DOCTYPE configuration
        PUBLIC "-//mybatis.org//DTD Config 3.0//EN"
        "https://mybatis.org/dtd/mybatis-3-config.dtd">
<!--컨피규레이션의 추가 설정을 할 수 있는데 거기에는 나오는 순서가 있으며 셋팅즈는 타입얼라이즈보다 먼저 나와야 함. -->
<configuration>
    <settings>
        <setting name="mapUnderscoreToCamelCase" value="true"/>
    </settings>
    <typeAliases>
        <typeAlias type="com.nc13.store.model.UserDTO" alias="userDTO"/>
        <typeAlias type="com.nc13.store.model.ProductDTO" alias="productDTO"/>
        <typeAlias type="com.nc13.store.model.CategoryDTO" alias="categoryDTO"/>
    </typeAliases>
</configuration>
