<?xml version="1.0" encoding="UTF-8" ?>
<!DOCTYPE mapper
        PUBLIC "-//mybatis.org//DTD Mapper 3.0//EN"
        "https://mybatis.org/dtd/mybatis-3-mapper.dtd">

<mapper namespace="com.nc13.mappers.BoardMapper">
    <select id="selectMaxRow" resultType="int">
        SELECT COUNT(*) FROM board
    </select>

    <select id="selectAll" resultType="boardDTO" parameterType="HashMap">
        SELECT * FROM board
        INNER JOIN user
        WHERE board.writer_id = user.id
        ORDER BY board.id DESC
        LIMIT ${startRow}, ${size}
    </select>

    <insert id="insert" parameterType="boardDTO">
        INSERT INTO board (title, content, writer_id)
        VALUES(#{title}, #{content}, #{writerId})
    </insert>

    <select id="selectOne" resultType="boardDTO" parameterType="int">
        SELECT * FROM board
        INNER JOIN user
        ON board.writer_id = user.id
        WHERE board.id = #{id}
    </select>

    <update id="update" parameterType="boardDTO">
        UPDATE board
        SET title = #{title},
        content = #{content},
        modify_date = NOW()
        WHERE id = #{id}
    </update>
    <delete id="delete" parameterType="int">
        DELETE FROM board
        WHERE id = #{id}
    </delete>
</mapper>