<?xml version="1.0" encoding="UTF-8" ?>
<!DOCTYPE mapper
        PUBLIC "-//mybatis.org//DTD Mapper 3.0//EN"
        "https://mybatis.org/dtd/mybatis-3-mapper.dtd">

<mapper namespace="com.nc13.mappers.BoardMapper">

    <select id="selectAll" parameterType="int" resultType="replyDTO">
        SELECT * FROM reply
        INNER JOIN user
        ON reply.writer_id = user.id
        WHERE board_id = #{board_id}
    </select>

    <select id="selectOne"
    <insert id="insert" parameterType="replyDTO">
        INSERT INTO reply{content, entry_date, modify_date, writer_id, board_id}
        VALUES (#{content}, NOW(), NOW(), #{writer_id}, #{board_id})
    </insert>

    <update id="update" parameterType="replyDTO">
        UPDATE reply
        SET content = #{content},
        modify_date = NOW()
        WHERE id= #{id}
    </update>

    <delete id="delete" parameterType="id">
        DELETE reply
        WHERE id = #{id}
    </delete>


</mapper>